class,sepal length_mean,sepal length_std,sepal length_min,sepal length_max,sepal width_mean,sepal width_std,sepal width_min,sepal width_max,petal length_mean,petal length_std,petal length_min,petal length_max,petal width_mean,petal width_std,petal width_min,petal width_max,Petal Ratio_mean,Petal Ratio_std,Petal Ratio_min,Petal Ratio_max,Sepal Ratio_mean,Sepal Ratio_std,Sepal Ratio_min,Sepal Ratio_max
Iris-setosa,5.005999999999999,0.3524896872134512,4.3,5.8,3.4180000000000006,0.38102439795469095,2.3,4.4,1.464,0.1735111594364455,1,1.9,0.2439999999999999,0.10720950308167837,0.1,0.6,7.077999999999999,3.1237794714001565,2.666666666666667,15,1.4745783620263324,0.11869271500322688,1.2682926829268295,1.956521739130435
Iris-versicolor,5.936,0.5161711470638635,4.9,7,2.7700000000000005,0.3137983233784114,2,3.4,4.26,0.46991097723995806,3,5.1,1.3259999999999998,0.197752680004544,1,1.8,3.2428369326751683,0.3124564643692557,2.6666666666666665,4.1,2.160402191687831,0.2286584097750541,1.7647058823529411,2.818181818181818
Iris-virginica,6.587999999999998,0.635879593274432,4.9,7.9,2.9739999999999998,0.3224966381726376,2.2,3.8,5.552,0.5518946956639835,4.5,6.9,2.026,0.27465005563666733,1.4,2.5,2.7806623384004467,0.4073670302541582,2.125,4,2.230452738894224,0.24699225188455234,1.823529411764706,2.9615384615384617
